ContentObjectID;NodeID;AttributeID;Version;"Contains Literal";Name;Url
31435;33980;767730;6;1;"Commissioner Putnam Swearing In Ceremony";http://www.example.com/News-Events/Media-Resources/Media-Downloads/Commissioner-Putnam-Swearing-In-Ceremony
31351;33843;767116;15;1;"Shellfish Harvesting Area Maps";http://www.example.com/Divisions-Offices/Aquaculture/Agriculture-Industry/Shellfish/Shellfish-Harvesting-Area-Maps
31286;33655;766393;4;1;"GIS Map";http://www.example.com/Test-Area/Test-Content/GIS-Map
31162;33465;765250;14;1;"Online Services Main Page Infobox";http://www.example.com/Divisions-Offices/Florida-Forest-Service/Online-Services-Main-Page-Infobox
31161;33464;765240;67;1;"Florida Forest Service";http://www.example.com/Divisions-Offices/Florida-Forest-Service/_old/Florida-Forest-Service
30523;32144;759462;4;1;"Online Services";http://www.example.com/Divisions-Offices/Florida-Forest-Service/For-Landowners/Programs/Bare-Root-Tree-Seedlings-For-Sale/Online-Services
30495;32110;759164;5;1;"Field Operations Bureau";http://www.example.com/Divisions-Offices/Florida-Forest-Service/Bureaus-and-Sections2/Field-Operations-Bureau
30254;31729;757113;2;1;"OIG Complaint Form";http://www.example.com/Divisions-Offices/Inspector-General/File-a-Complaint/OIG-Complaint-Form
30207;31688;756775;3;1;"FACEBOOK INFOBOX";http://www.example.com/Test-Area/Food-Nutrition-and-Wellness/Food-Nutrition-and-Wellness2/FACEBOOK-INFOBOX
30150;31589;756300;7;1;"October 18-20, 2013 - The Withlacoochee Fall Trail Ride";http://www.example.com/Divisions-Offices/Florida-Forest-Service/Our-Forests/State-Forests/State-Forest-Activities-and-Events/October-18-20-2013-The-Withlacoochee-Fall-Trail-Ride
30149;31588;756288;11;1;"January 25, 2014 - Festival in the Woods at Picayune Strand";http://www.example.com/Divisions-Offices/Florida-Forest-Service/Our-Forests/State-Forests/State-Forest-Activities-and-Events/January-25-2014-Festival-in-the-Woods-at-Picayune-Strand
29990;;754752;10;1;"Learn More About MILs";
29960;;754435;33;1;"Spot Weather Forecasts";
29959;;754423;14;1;"Sunrise and Sunset Times";
29958;;754411;23;1;"Daily Rainfall Reports";
29931;31015;754148;51;1;"BMP Rules, Manuals, and Other Documents";http://www.example.com/Divisions-Offices/Agricultural-Water-Policy/Enroll-in-BMPs/BMP-Rules-Manuals-and-Other-Documents
29899;30970;753777;23;1;"Enroll in BMPs";http://www.example.com/Divisions-Offices/Agricultural-Water-Policy/Enroll-in-BMPs
29897;30968;753753;48;1;"Evaluate Your Irrigation System";http://www.example.com/Divisions-Offices/Agricultural-Water-Policy/Evaluate-Your-Irrigation-System
29412;;748440;1;1;"Video and Audio";
29163;;745218;1;1;"State Farmers' Markets";
29101;;743956;5;1;"Sign Up for Email Notices";
27841;28880;711648;8;1;"Contact Webmaster";http://www.example.com/Website-Help/Contact-Webmaster
27828;28867;711557;82;1;"Commissioner Putnam";http://www.example.com/Banner-Panel/Commissioner-Putnam
27821;;711502;1;1;"Point of Service";
27767;;645531;30;1;"Daily Rainfall Reports";
27694;28704;645016;2;1;"FACEBOOK INFOBOX";http://www.example.com/Divisions-Offices/Food-Nutrition-and-Wellness/FACEBOOK-INFOBOX
27639;28589;523910;31;1;Short;http://www.example.com/Test-Area/Short
27627;28453;523351;5;1;"County Forester by County Infobox";http://www.example.com/Divisions-Offices/Florida-Forest-Service/Our-Forests/Field-Operations/County-Foresters/County-Forester-by-County-Infobox
27556;28375;522054;8;1;"Forest Area Supervisors by County Infobox";http://www.example.com/Divisions-Offices/Florida-Forest-Service/Our-Forests/Field-Operations/Forest-Area-Supervisors/Charlotte-County/Forest-Area-Supervisors-by-County-Infobox
27514;28941;521706;1;1;"Fire Weather and Forecast Infobox";http://www.example.com/Divisions-Offices/Florida-Forest-Service/Wildfire/Fire-Weather/Forecasts/Mobile-Office/Fire-Weather-and-Forecast-Infobox
27454;27951;521240;40;1;"Forest Area Supervisors";http://www.example.com/Divisions-Offices/Florida-Forest-Service/Our-Forests/Field-Operations/Forest-Area-Supervisors
27428;27921;520896;4;1;"Breakfast Downloads";http://www.example.com/Divisions-Offices/Food-Nutrition-and-Wellness/Nutrition-Education-Resources/Nutrition-Education-for-Sponsors/Resource-Center/Breakfast-Downloads
27160;27660;518532;14;1;"About SFSP";http://www.example.com/Divisions-Offices/Food-Nutrition-and-Wellness/Nutrition-Programs/Summer-Food-Service-Program/Summer-Food-Florida/About-SFSP
26932;27242;512751;1;1;"NSLW Infobox thru OCT 18";http://www.example.com/Divisions-Offices/Food-Nutrition-and-Wellness/Nutrition-Education-Resources/Nutrition-Education-for-Sponsors/School-Promotions/NSLW-Infobox-thru-OCT-18
26461;26572;504947;2;1;"Resource Center";http://www.example.com/Divisions-Offices/Food-Nutrition-and-Wellness/Nutrition-Education-Resources/Nutrition-Education-for-Sponsors/Resource-Center
26392;26415;504453;2;1;"Florida Forest Service Regions";http://www.example.com/Divisions-Offices/Florida-Forest-Service/Our-Forests/State-Forests/Current-State-Forest-Management-Plans/Florida-Forest-Service-Regions
26337;26366;504079;4;1;"INFOBOX Vendor List";http://www.example.com/Divisions-Offices/Food-Nutrition-and-Wellness/Nutrition-Programs/INFOBOX-Vendor-List
25950;;499994;81;1;"Online Services";
24587;24431;490743;2;1;"Test Document Reader";http://www.example.com/Test-Area/Test-Content/Test-Document-Reader
22304;;475813;5;1;"Division of AES (TEST)";
22058;;408661;4;1;"Commissioner Spotlight 1";
21768;21717;402189;7;1;"Find Your Forester";http://www.example.com/Divisions-Offices/Florida-Forest-Service/For-Landowners/Management-Planning/Contact-a-Forester/Find-Your-Forester
20951;20918;396152;6;1;"Contact Us";http://www.example.com/Divisions-Offices/Food-Nutrition-and-Wellness/Nutrition-Programs/Summer-Food-Service-Program/Summer-Food-Florida/Contact-Us
20937;20909;396022;12;1;"Recipe Infobox";http://www.example.com/Recipes/Entrees/Recipe-Infobox
19584;33417;356755;38;1;"Operation Outdoor Freedom";http://www.example.com/Divisions-Offices/Florida-Forest-Service/Recreation/Operation-Outdoor-Freedom
19058;19048;287301;29;1;"Fresh for Florida Kids Food Garden";http://www.example.com/Divisions-Offices/Food-Nutrition-and-Wellness/Nutrition-Education-Resources/Fresh-for-Florida-Kids-Food-Garden
18758;18748;284844;16;1;"Alternative Fuel Map";http://www.example.com/Divisions-Offices/Consumer-Services/Business-Services/Standards/Alternative-Fuel-Map
18705;;284102;16;1;"_Request a Speaker";
18683;18673;283794;19;1;"Free Publication/Brochure Request";http://www.example.com/Divisions-Offices/Consumer-Services/Consumer-Services/Consumer-Protection/Publications/Free-Publication-Brochure-Request
17300;17291;273463;18;1;Recipes;http://www.example.com/Recipes
14020;14013;236672;17;1;"Classified Ads";http://www.example.com/Divisions-Offices/Marketing-and-Development/Agriculture-Industry/Agricultural-Classified-Ads-Florida-Market-Bulletin/Classified-Ads
13975;13968;236042;32;1;"State Farmersâ€™ Markets in Florida";http://www.example.com/Divisions-Offices/Marketing-and-Development/Agriculture-Industry/Business-Development-Resources/State-Farmers-Markets-in-Florida
13930;13923;235412;21;1;"Video and Audio";http://www.example.com/Divisions-Offices/Marketing-and-Development/Education/For-the-Community/Video-and-Audio
12936;12933;228165;75;1;"Test Area";http://www.example.com/Test-Area
12678;12672;160678;4;1;"FDI Infobox";http://www.example.com/Divisions-Offices/Florida-Forest-Service/Wildfire/Fire-Weather/Links-and-Information/Wildland-Fire-Danger-Index-FDI/Fire-Danger-Index-FDI-Regional-Matrices/FDI-Infobox
10388;10383;138600;7;1;"Hot Topics";http://www.example.com/Divisions-Offices/Florida-Forest-Service/_old/Forest-Management/Hot-Topics
9182;9268;131266;31;1;"Hot Topics";http://www.example.com/Divisions-Offices/Florida-Forest-Service/_old/Hot-Topics
6109;6105;102169;23;1;"FreshNet Movement and Accuracy 2007-2009";http://www.example.com/Divisions-Offices/Fruit-and-Vegetables/Citrus/FreshNet-Movement-and-Accuracy-2007-2009
6108;6104;102156;25;1;"FreshNet Movement and Accuracy 2009-2011";http://www.example.com/Divisions-Offices/Fruit-and-Vegetables/Citrus/FreshNet-Movement-and-Accuracy-2009-2011
6107;6103;102143;52;1;"FreshNet Movement and Accuracy 2011-2013";http://www.example.com/Divisions-Offices/Fruit-and-Vegetables/Citrus/FreshNet-Movement-and-Accuracy-2011-2013
5154;5150;91489;28;1;"FreshNet Movement and Accuracy";http://www.example.com/Divisions-Offices/Fruit-and-Vegetables/Citrus/FreshNet-Movement-and-Accuracy
5085;5081;90638;12;1;"Junior Detectives";http://www.example.com/Divisions-Offices/Plant-Industry/Pests-Diseases/Giant-African-Land-Snail/Junior-Detectives
5081;5077;90586;21;1;Videos;http://www.example.com/Divisions-Offices/Plant-Industry/Education-Outreach/Videos
2419;2418;12413;17;1;Footer;http://www.example.com/Footer
1956;1957;10026;22;1;"Sunrise and Sunset Times";http://www.example.com/Divisions-Offices/Florida-Forest-Service/Wildfire/Fire-Weather/Links-and-Information/Sunrise-and-Sunset-Times
1951;1952;10001;15;1;"Wildland Fire Danger Index (FDI)";http://www.example.com/Divisions-Offices/Florida-Forest-Service/Wildfire/Fire-Weather/Links-and-Information/Wildland-Fire-Danger-Index-FDI
1949;1950;9991;19;1;"Key West Office";http://www.example.com/Divisions-Offices/Florida-Forest-Service/Wildfire/Fire-Weather/Forecasts/Key-West-Office
1948;1949;9986;19;1;"Miami Office";http://www.example.com/Divisions-Offices/Florida-Forest-Service/Wildfire/Fire-Weather/Forecasts/Miami-Office
1947;1948;9981;19;1;"Melbourne Office";http://www.example.com/Divisions-Offices/Florida-Forest-Service/Wildfire/Fire-Weather/Forecasts/Melbourne-Office
1946;1947;9976;21;1;"Tampa Office";http://www.example.com/Divisions-Offices/Florida-Forest-Service/Wildfire/Fire-Weather/Forecasts/Tampa-Office
1945;1946;9971;19;1;"Jacksonville Office";http://www.example.com/Divisions-Offices/Florida-Forest-Service/Wildfire/Fire-Weather/Forecasts/Jacksonville-Office
1944;1945;9966;25;1;"Tallahassee Office";http://www.example.com/Divisions-Offices/Florida-Forest-Service/Wildfire/Fire-Weather/Forecasts/Tallahassee-Office
1943;1944;9961;21;1;"Mobile Office";http://www.example.com/Divisions-Offices/Florida-Forest-Service/Wildfire/Fire-Weather/Forecasts/Mobile-Office
1942;1943;9956;23;1;"Vertical Soundings";http://www.example.com/Divisions-Offices/Florida-Forest-Service/Wildfire/Fire-Weather/Forecasts/Vertical-Soundings
1941;1942;9951;23;1;"Cross Sections";http://www.example.com/Divisions-Offices/Florida-Forest-Service/Wildfire/Fire-Weather/Forecasts/Cross-Sections
1940;1941;9946;24;1;"21km Maps";http://www.example.com/Divisions-Offices/Florida-Forest-Service/Wildfire/Fire-Weather/Forecasts/21km-Maps
1932;1933;9906;16;1;"Wildlife Management Areas at Withlacoochee State Forest";http://www.example.com/Divisions-Offices/Florida-Forest-Service/Our-Forests/State-Forests/Wildlife-Management-Areas-at-Withlacoochee-State-Forest
1925;1926;9871;24;1;"Pricing for Bare Root Tree Seedlings";http://www.example.com/Divisions-Offices/Florida-Forest-Service/For-Landowners/Programs/Bare-Root-Tree-Seedlings-For-Sale/Pricing-for-Bare-Root-Tree-Seedlings
1898;1899;9736;19;1;"Ordway-Swisher Collection Sites";http://www.example.com/Divisions-Offices/Florida-Forest-Service/Wildfire/Resources/Live-Fuel-Moisture-Collections/Ordway-Swisher-Collection-Sites
1871;1872;9601;21;1;"Relative Humidity Calculator";http://www.example.com/Divisions-Offices/Florida-Forest-Service/Wildfire/Resources/Fire-Tools-and-Downloads/Relative-Humidity-Calculator
1857;1858;9531;26;1;"Trailtrotter Trails on Florida's State Forests";http://www.example.com/Divisions-Offices/Florida-Forest-Service/Recreation/Horse-Trails/Trailtrotter-Trails-on-Florida-s-State-Forests
1853;1854;9511;17;1;"Manage Your Forest To Prevent SPB Damage";http://www.example.com/Divisions-Offices/Florida-Forest-Service/Our-Forests/Forest-Health/Forest-Insects/Southern-Pine-Beetle/Manage-Your-Forest-To-Prevent-SPB-Damage
1832;1833;9406;13;1;"Florida State Forests Historical Timeline";http://www.example.com/Divisions-Offices/Florida-Forest-Service/Our-Forests/State-Forests/Florida-State-Forests-Historical-Timeline
1829;1830;9391;34;1;"Tiger Bay State Forest";http://www.example.com/Divisions-Offices/Florida-Forest-Service/Our-Forests/State-Forests/Tiger-Bay-State-Forest
1827;1828;9381;40;1;"Myakka State Forest";http://www.example.com/Divisions-Offices/Florida-Forest-Service/Our-Forests/State-Forests/Myakka-State-Forest
1825;1826;9371;32;1;"Four Creeks State Forest";http://www.example.com/Divisions-Offices/Florida-Forest-Service/Our-Forests/State-Forests/Four-Creeks-State-Forest
1824;1825;9366;41;1;"Cary State Forest";http://www.example.com/Divisions-Offices/Florida-Forest-Service/Our-Forests/State-Forests/Cary-State-Forest
1823;1824;9361;21;1;"Big Shoals State Forest";http://www.example.com/Divisions-Offices/Florida-Forest-Service/Our-Forests/State-Forests/Big-Shoals-State-Forest
1814;1815;9316;24;1;"Daily Rainfall Reports";http://www.example.com/Divisions-Offices/Florida-Forest-Service/Wildfire/Fire-Weather/Daily-Rainfall-Reports
1805;1806;9271;14;1;"Living on the Edge in Florida Teaching Guide";http://www.example.com/Divisions-Offices/Florida-Forest-Service/Education/For-Educators/Living-on-the-Edge-in-Florida-Teaching-Guide
1799;1800;9241;21;1;"7km Maps";http://www.example.com/Divisions-Offices/Florida-Forest-Service/Wildfire/Fire-Weather/Forecasts/7km-Maps
1798;1799;9236;36;1;"Spot Weather Forecasts";http://www.example.com/Divisions-Offices/Florida-Forest-Service/Wildfire/Fire-Weather/Forecasts/Spot-Weather-Forecasts
1797;1798;9231;23;1;"Links and Information";http://www.example.com/Divisions-Offices/Florida-Forest-Service/Wildfire/Fire-Weather/Links-and-Information
1796;1797;9226;16;1;"Tropical Conditions";http://www.example.com/Divisions-Offices/Florida-Forest-Service/Wildfire/Fire-Weather/Tropical-Conditions
1795;1796;9221;21;1;Forecasts;http://www.example.com/Divisions-Offices/Florida-Forest-Service/Wildfire/Fire-Weather/Forecasts
1794;1795;9216;23;1;"Weather Conditions";http://www.example.com/Divisions-Offices/Florida-Forest-Service/Wildfire/Fire-Weather/Weather-Conditions
1791;1792;9201;21;1;"Ralph E Simmons State Forest";http://www.example.com/Divisions-Offices/Florida-Forest-Service/Our-Forests/State-Forests/Ralph-E-Simmons-State-Forest
1790;1791;9196;32;1;"Point Washington State Forest";http://www.example.com/Divisions-Offices/Florida-Forest-Service/Our-Forests/State-Forests/Point-Washington-State-Forest
1789;1790;9191;34;1;"Picayune Strand State Forest";http://www.example.com/Divisions-Offices/Florida-Forest-Service/Our-Forests/State-Forests/Picayune-Strand-State-Forest
1788;1789;9186;26;1;"Okaloacoochee Slough State Forest";http://www.example.com/Divisions-Offices/Florida-Forest-Service/Our-Forests/State-Forests/Okaloacoochee-Slough-State-Forest
1787;1788;9181;25;1;"Matanzas State Forest";http://www.example.com/Divisions-Offices/Florida-Forest-Service/Our-Forests/State-Forests/Matanzas-State-Forest
1779;1780;9141;27;1;"Withlacoochee State Forest";http://www.example.com/Divisions-Offices/Florida-Forest-Service/Our-Forests/State-Forests/Withlacoochee-State-Forest
1777;1778;9131;25;1;"Seminole State Forest";http://www.example.com/Divisions-Offices/Florida-Forest-Service/Our-Forests/State-Forests/Seminole-State-Forest
1776;1777;9126;24;1;"Pine Log State Forest";http://www.example.com/Divisions-Offices/Florida-Forest-Service/Our-Forests/State-Forests/Pine-Log-State-Forest
1774;1775;9116;32;1;"Etoniah Creek State Forest";http://www.example.com/Divisions-Offices/Florida-Forest-Service/Our-Forests/State-Forests/Etoniah-Creek-State-Forest
1773;1774;9111;33;1;"Blackwater River State Forest";http://www.example.com/Divisions-Offices/Florida-Forest-Service/Our-Forests/State-Forests/Blackwater-River-State-Forest
1769;1770;9091;27;1;"Belmore State Forest";http://www.example.com/Divisions-Offices/Florida-Forest-Service/Our-Forests/State-Forests/Belmore-State-Forest
1767;;9081;21;1;"State Forest Activities and Events OLD";
1766;32606;9076;30;1;"State Forest Fees and Information";http://www.example.com/Divisions-Offices/Florida-Forest-Service/Recreation/State-Forest-Fees-and-Information
1745;1746;8971;34;1;"The Florida Forest Discovery Center";http://www.example.com/Divisions-Offices/Florida-Forest-Service/Education/For-Kids-and-Parents/The-Florida-Forest-Discovery-Center
1740;1741;8946;19;1;"Live Fuel Moisture Collections";http://www.example.com/Divisions-Offices/Florida-Forest-Service/Wildfire/Resources/Live-Fuel-Moisture-Collections
1732;1733;8906;19;1;"The Natural Role of Fire";http://www.example.com/Divisions-Offices/Florida-Forest-Service/Wildfire/Prescribed-Fire/The-Natural-Role-of-Fire
1728;1729;8886;16;1;"Year to Date Rainfall";http://www.example.com/Divisions-Offices/Florida-Forest-Service/Wildfire/Fire-Weather/Forecasts/Year-to-Date-Rainfall
1726;1727;8876;14;1;Memorials;http://www.example.com/Divisions-Offices/Florida-Forest-Service/Wildfire/Memorials
1720;1721;8846;16;1;"Fire Prevention";http://www.example.com/Divisions-Offices/Florida-Forest-Service/Wildfire/Fire-Prevention
1717;1718;8831;19;1;"Urban Forestry";http://www.example.com/Divisions-Offices/Florida-Forest-Service/For-Communities/Urban-Forestry
1687;1688;8681;38;1;"Wildfire Mitigation Contacts";http://www.example.com/Divisions-Offices/Florida-Forest-Service/For-Communities/Firewise-Communities/Wildfire-Mitigation-Contacts
1685;1686;8671;64;1;"State Forests";http://www.example.com/Divisions-Offices/Florida-Forest-Service/Our-Forests/State-Forests
1682;1683;8656;27;1;"Surplus Fire Towers";http://www.example.com/Divisions-Offices/Florida-Forest-Service/Our-Forests/Land-Planning-and-Administration-Section/Relocation-and-Construction-Trust-Fund/Surplus-Fire-Towers
1673;1674;8611;93;1;Recreation;http://www.example.com/Divisions-Offices/Florida-Forest-Service/Recreation
1672;1673;8606;23;1;"Field Operations";http://www.example.com/Divisions-Offices/Florida-Forest-Service/Our-Forests/Field-Operations
1671;1672;8601;27;1;"County Foresters";http://www.example.com/Divisions-Offices/Florida-Forest-Service/Our-Forests/Field-Operations/County-Foresters
1668;1669;8586;37;1;"Forest Management";http://www.example.com/Divisions-Offices/Florida-Forest-Service/_old/Forest-Management
1666;775;8576;66;1;"Florida Forest Service";http://www.example.com/Divisions-Offices/Florida-Forest-Service
1626;;8376;14;1;"Change of Address Form 493";
1625;31012;8371;16;1;"Change of Address Form";http://www.example.com/Divisions-Offices/Licensing/Consumer-Services/Concealed-Weapon-License/Change-Your-Address/Change-of-Address-Form
1624;31968;8366;8;1;"Public Records Request";http://www.example.com/Divisions-Offices/Licensing/Business-Services/Private-Security/Related-Information/Public-Records-Request/Public-Records-Request
1567;31238;8081;8;1;"Comments and Suggestions Form";http://www.example.com/Divisions-Offices/Licensing/Email-Contacts/Comments-and-Suggestions-Form
1566;31237;8076;12;1;"File Your Complaint";http://www.example.com/Divisions-Offices/Licensing/Email-Contacts/File-Your-Complaint
1559;31144;8041;27;1;"Setting up an Agency Account";http://www.example.com/Divisions-Offices/Licensing/Business-Services/Private-Investigation/Licensing-Information-Alert-System/Setting-up-an-Agency-Account
1555;31145;8021;9;1;"Employee Action Report";http://www.example.com/Divisions-Offices/Licensing/Business-Services/Private-Investigation/Licensing-Information-Alert-System/Employee-Action-Report
1554;31141;8016;32;1;"Individual Search";http://www.example.com/Divisions-Offices/Licensing/Business-Services/Private-Investigation/Search-for-a-Licensee/Individual-Search
1553;31142;8011;47;1;"Agency or School Search";http://www.example.com/Divisions-Offices/Licensing/Business-Services/Private-Investigation/Search-for-a-Licensee/Agency-or-School-Search
1545;;7971;16;1;"Applications, Forms, and Publications";
1539;31023;7941;27;1;"Regional Office Map";http://www.example.com/Divisions-Offices/Licensing/Regional-Offices/Regional-Office-Map
1533;31017;7911;20;1;"Check the Status of Your Application";http://www.example.com/Divisions-Offices/Licensing/Consumer-Services/Concealed-Weapon-License/Check-the-Status-of-Your-Application
919;920;4839;14;1;"Find Your Local Food Service Director";http://www.example.com/Divisions-Offices/Food-Nutrition-and-Wellness/Nutrition-Programs/Assistance-for-Sponsors/Sponsor-Trainings/Find-Your-Local-Food-Service-Director
